{
    "м": 0.030609329858877127,
    "і": 0.0561361496632775,
    "с": 0.04327337495062811,
    "т": 0.049061375159294214,
    "о": 0.09714897517618623,
    "в": 0.06389157311883784,
    "а": 0.07866463631237315,
    "л": 0.036481790156425054,
    "е": 0.04657973901832536,
    "р": 0.039942169680318565,
    "я": 0.01956493117744816,
    "н": 0.06582670280233607,
    "п": 0.03253949130185291,
    "д": 0.03192342947706785,
    "г": 0.016819978288788916,
    "и": 0.06577950451737269,
    "ь": 0.017783816950146192,
    "й": 0.016785200605131695,
    "ш": 0.009067038953489816,
    "к": 0.033289695620744394,
    "є": 0.0033312052703095463,
    "ю": 0.0094620140750254,
    "б": 0.017321770581557393,
    "у": 0.03602471202835872,
    "ї": 0.006630116977223101,
    "ж": 0.009578767727303214,
    "з": 0.02288619996671279,
    "х": 0.012214419324468337,
    "щ": 0.006940632009876862,
    "ф": 0.0009837116234471144,
    "ч": 0.01546861686667975,
    "ц": 0.007867208867315685,
    "ґ": 0.00012172189280027424
}