{
    "ф": 0.008952080042127435,
    "е": 0.05028962611901001,
    "д": 0.04397051079515534,
    "ь": 0.028962611901000527,
    "к": 0.04028436018957346,
    "о": 0.08767772511848342,
    "х": 0.010531858873091101,
    "а": 0.08425487098472881,
    "л": 0.03712480252764613,
    "м": 0.0234333859926277,
    "и": 0.06924697209057398,
    "н": 0.049236440231700894,
    "с": 0.036334913112164295,
    "р": 0.04186413902053712,
    "ч": 0.015007898894154818,
    "в": 0.05924170616113744,
    "б": 0.020537124802527645,
    "у": 0.0339652448657188,
    "й": 0.018430753027909426,
    "я": 0.023696682464454975,
    "щ": 0.0039494470774091624,
    "т": 0.051606108478146395,
    "ж": 0.010795155344918378,
    "і": 0.04976303317535545,
    "з": 0.022906793048973143,
    "г": 0.016061084781463928,
    "п": 0.02975250131648236,
    "ю": 0.009215376513954713,
    "ц": 0.00737230121116377,
    "є": 0.005002632964718273,
    "ш": 0.006845708267509215,
    "ї": 0.003686150605581885
}