{
    "м": 0.03054225984668578,
    "і": 0.05607658328308991,
    "с": 0.043208524565958334,
    "т": 0.04908515952799892,
    "о": 0.09706045206777325,
    "в": 0.0638481131030749,
    "а": 0.07871688548190621,
    "л": 0.03648780007628798,
    "е": 0.04661441350543244,
    "р": 0.03996013338091078,
    "я": 0.019603548621279422,
    "н": 0.06567164179104477,
    "п": 0.03251344267943055,
    "д": 0.032036027611325076,
    "г": 0.01681288528503402,
    "и": 0.06581191322858092,
    "ь": 0.017888299639477797,
    "й": 0.016800580772969448,
    "ш": 0.009046277269874864,
    "к": 0.03335507130464741,
    "є": 0.0033468272815641497,
    "ю": 0.009459708875244553,
    "б": 0.017351822913462368,
    "у": 0.03600546320335667,
    "ї": 0.006602601173850451,
    "ж": 0.009590136703129037,
    "з": 0.02288639244010779,
    "х": 0.012198693260818742,
    "щ": 0.006912674877877718,
    "ф": 0.0010581880375533708,
    "ч": 0.015464310762756703,
    "ц": 0.007862583209262837,
    "ґ": 0.00012058421823282597
}